方案一_top0000.jpg, https://img3.mklimg.com/g2/M00/5D/3A/rBBrClxOtjCAUlA7AA5LSlATgcM074.jpg
方案一_透视0000.jpg, https://img1.mklimg.com/g1/M00/5D/3A/rBBrBlxOtjCAdPNvABLk9OszWzk802.jpg
方案一_front0000.jpg, https://img2.mklimg.com/g1/M00/5D/36/rBBrBVxOtjCALmg-ABHuUp2jaCo626.jpg
方案一_left0000.jpg, https://img1.mklimg.com/g2/M00/5D/3A/rBBrClxOtjCAJdihABCe9p54TKw821.jpg
方案一_right0000.jpg, https://img3.mklimg.com/g2/M00/5D/2B/rBBrCVxOtjCAb1YTABNU5aiLPKs195.jpg
方案二_C_front(1920X1440)0000.jpg, https://img1.mklimg.com/g2/M00/5D/2B/rBBrCVxOtkSAW27YAA-OulIq1w4236.jpg
方案二_C_left(3168X1440)0000.jpg, https://img2.mklimg.com/g2/M00/5D/3A/rBBrClxOtkSAYZAEAA8Bgaq7yXk742.jpg
方案二_Camera0010000.jpg, https://img1.mklimg.com/g1/M00/5D/36/rBBrBVxOtkSAGzkYABNVmVNmi5c900.jpg
方案二_C_top(1920X3168)0000.jpg, https://img1.mklimg.com/g1/M00/5D/36/rBBrBVxOtkSAH8t_ABPAXb_rlQk932.jpg
方案二_C_right(3168X1440)0000.jpg, https://img1.mklimg.com/g2/M00/5D/3A/rBBrClxOtkSAA_JeABUgYNrModI873.jpg
方案三__C_left(3168X1440)0000.jpg, https://img2.mklimg.com/g2/M00/5D/2B/rBBrCVxOtlWAFmbAAA9tg83fAsA411.jpg
方案三__C_right(3168X1440)0000.jpg, https://img1.mklimg.com/g2/M00/5D/3A/rBBrClxOtlWAGa1lABJrglLtAQc175.jpg
方案三__Camera0010000.jpg, https://img2.mklimg.com/g1/M00/5D/3A/rBBrBlxOtlWASeJKABTSoehFgCA220.jpg
方案三__C_top(1920X3168)0000.jpg, https://img3.mklimg.com/g1/M00/5D/3A/rBBrBlxOtlWAbJ_uABTea0Ulwx8812.jpg
方案三__C_front(1920X1440)0000.jpg, https://img3.mklimg.com/g1/M00/5D/36/rBBrBVxOtlWANyjMAA-ljIknib0816.jpg
方案四__C_front(1920X1440)0000.jpg, https://img1.mklimg.com/g1/M00/5D/36/rBBrBVxOtmWAZmH3AA7OFjOGxuw520.jpg
方案四__C_top(1920X3168)0000.jpg, https://img3.mklimg.com/g2/M00/5D/3A/rBBrClxOtmWAFBPZABePI8k93ag105.jpg
方案四__C_left(3168X1440)0000.jpg, https://img2.mklimg.com/g1/M00/5D/3A/rBBrBlxOtmWAPY3rAA8HvdImAAE832.jpg
方案四__C_right(3168X1440)0000.jpg, https://img1.mklimg.com/g2/M00/5D/2C/rBBrCVxOtmWAVjHhABGRq4gnfg0862.jpg
方案四__Camera0010000.jpg, https://img1.mklimg.com/g2/M00/5D/3A/rBBrClxOtmWAQuRlABP4txY7j8Q582.jpg
方案五__C_top(1920X3168)0000.jpg, https://img2.mklimg.com/g1/M00/5D/36/rBBrBVxOtnOAR3oBABVFRxi783A303.jpg
方案五__Camera0010000.jpg, https://img2.mklimg.com/g1/M00/5D/3A/rBBrBlxOtnOAMeGNABSkFv-MylE002.jpg
方案五__C_front(1920X1440)0000.jpg, https://img1.mklimg.com/g1/M00/5D/36/rBBrBVxOtnOAdz6oABDurDzGlXE985.jpg
方案五__C_left(3168X1440)0000.jpg, https://img2.mklimg.com/g2/M00/5D/2C/rBBrCVxOtnOACp7oABDAaqVjlvg177.jpg
方案五__C_right(3168X1440)0000.jpg, https://img2.mklimg.com/g2/M00/5D/2C/rBBrCVxOtnOAIsNfABQ-zCGffEk374.jpg
壁画2_透视.png, https://img3.mklimg.com/g1/M00/5D/37/rBBrBVxOu4WAfrv3AALsazmlbxQ190.png
壁画3_透视.png, https://img2.mklimg.com/g2/M00/5D/3A/rBBrClxOu4WAf-j1AAJ82jy_msw836.png
壁画3_front.png, https://img2.mklimg.com/g2/M00/5D/3A/rBBrClxOu4WAZ6h3AAiLJ4iYpF8995.png
壁画1_透视.png, https://img3.mklimg.com/g1/M00/5D/37/rBBrBVxOu4WASb5_AAMYJzmz8DE774.png
壁画5_透视.png, https://img3.mklimg.com/g2/M00/5D/2C/rBBrCVxOu4WAOSTxAAMGsvWkPtA645.png
壁画2_front.png, https://img2.mklimg.com/g1/M00/5D/3A/rBBrBlxOu4WARmj8AAnybbZUFJY567.png
壁画5_front.png, https://img3.mklimg.com/g1/M00/5D/37/rBBrBVxOu4WALoPvAApQbnQVL6c421.png
壁画4_front.png, https://img3.mklimg.com/g1/M00/5D/3A/rBBrBlxOu4WAVi8-AAdARCQABNI684.png
壁画1_front.png, https://img2.mklimg.com/g1/M00/5D/37/rBBrBVxOu4WAFSEIAAw6tSm7LCw648.png
壁画4_透视.png, https://img1.mklimg.com/g2/M00/5D/2C/rBBrCVxOu4WALGByAAI3WIkfoVE857.png
边框_金色_front.png, https://img3.mklimg.com/g1/M00/5D/37/rBBrBVxOu6WAQTLSAC-4wL4DsBM309.png
边框_金色_left.png, https://img2.mklimg.com/g1/M00/5D/3A/rBBrBlxOu6WAMFNFABwBYYkYmeU700.png
边框_银色_front.png, https://img3.mklimg.com/g2/M00/5D/2C/rBBrCVxOu6WAAgoKABkS9JMEUtk074.png
边框_银色_透视.png, https://img1.mklimg.com/g2/M00/5D/3A/rBBrClxOu6WASaUTABNq3q-2KsM430.png
边框_银色_left.png, https://img2.mklimg.com/g2/M00/5D/2C/rBBrCVxOu6WAetDbAA24A9DMyX0486.png
边框_金色_透视.png, https://img1.mklimg.com/g1/M00/5D/3A/rBBrBlxOu6WASNiaABnljOp6Mdc346.png
地板_1_right.png, https://img3.mklimg.com/g1/M00/5D/37/rBBrBVxOu9OAY1d_AAMururMpBk269.png
地板_1_top.png, https://img1.mklimg.com/g2/M00/5D/2C/rBBrCVxOu9OAUCj6ABxVT3BvQGc911.png
地板_2_right.png, https://img1.mklimg.com/g2/M00/5D/3A/rBBrClxOu9OANbYwAAOJYzHjkqE946.png
地板_2_透视.png, https://img2.mklimg.com/g2/M00/5D/3A/rBBrClxOu9OAPEFIAA9M30QciJI908.png
地板_2_top.png, https://img3.mklimg.com/g1/M00/5D/3A/rBBrBlxOu9OAGnbKADCZjMTGmqc413.png
地板_1_透视.png, https://img1.mklimg.com/g1/M00/5D/37/rBBrBVxOu9OANfdnAAyYolCqaW8113.png
地板_5_透视.png, https://img1.mklimg.com/g2/M00/5D/3A/rBBrClxOu--Ab8dqABIygt_gyMg077.png
地板_3_透视.png, https://img3.mklimg.com/g2/M00/5D/2C/rBBrCVxOu--AQtmPABP0jZs6T10525.png
地板_4_透视.png, https://img3.mklimg.com/g2/M00/5D/2C/rBBrCVxOu--APjtkABQ8ukVG6dw270.png
地板_5_top.png, https://img1.mklimg.com/g2/M00/5D/3A/rBBrClxOu--ACkGQACpS_WHLtNM308.png
地板_3_right.png, https://img2.mklimg.com/g1/M00/5D/37/rBBrBVxOu--AQlqQAANHjcrIurQ646.png
地板_4_right.png, https://img2.mklimg.com/g1/M00/5D/3A/rBBrBlxOu--ACWbrAANlwIF03zM245.png
地板_4_top.png, https://img3.mklimg.com/g1/M00/5D/3A/rBBrBlxOu--AF3Q4AC7Oyw-06RI311.png
地板_5_right.png, https://img2.mklimg.com/g1/M00/5D/37/rBBrBVxOu--ANCb8AAOgzY7ihkQ310.png
地板_3_top.png, https://img1.mklimg.com/g1/M00/5D/37/rBBrBVxOu--AO_JkAC7-yhu2QlE004.png
窗帘_2_right.png, https://img1.mklimg.com/g1/M00/5D/3B/rBBrBlxOvA-ATB-FADIcsba5Egw447.png
窗帘_2_top.png, https://img2.mklimg.com/g2/M00/5D/2C/rBBrCVxOvA-APZQGAAFPJXO11qc958.png
窗帘_1褐色_top.png, https://img3.mklimg.com/g2/M00/5D/3A/rBBrClxOvA-AO-5TAAER0QzoyCo791.png
窗帘_1褐色_right.png, https://img3.mklimg.com/g1/M00/5D/3B/rBBrBlxOvA-ADOKlACZ2Nzk3urI117.png
窗帘_2_透视.png, https://img1.mklimg.com/g2/M00/5D/3A/rBBrClxOvA-ALoN5AA8k8SdNDGo059.png
窗帘_1_透视.png, https://img3.mklimg.com/g1/M00/5D/37/rBBrBVxOvA-ADdaLAA2I4M3od_4963.png
窗帘_3_top.png, https://img3.mklimg.com/g2/M00/5D/2C/rBBrCVxOvCOAHss8AAEA1VY0YnY833.png
窗帘_3_right.png, https://img2.mklimg.com/g2/M00/5D/3A/rBBrClxOvCOAalSwACGDQgh76Qo493.png
窗帘_4_top.png, https://img2.mklimg.com/g1/M00/5D/37/rBBrBVxOvCOAF4fuAAESFCuHae4328.png
窗帘_4_right.png, https://img3.mklimg.com/g1/M00/5D/3B/rBBrBlxOvCOAKBiZAB4B6vYSMTc448.png
窗帘_4_透视.png, https://img2.mklimg.com/g1/M00/5D/3B/rBBrBlxOvCOAMxJnAAyxpeUOxTU237.png
窗帘_3_透视.png, https://img1.mklimg.com/g2/M00/5D/3A/rBBrClxOvCOAWA9VAA1VWBGlg9c999.png
方案一_透视0000.jpg, https://img2.mklimg.com/g1/M00/5D/37/rBBrBVxOvJaAPl6XABLk9OszWzk119.jpg
方案一_front0000.jpg, https://img1.mklimg.com/g2/M00/5D/2C/rBBrCVxOvJaAFnHpABHuUp2jaCo870.jpg
方案一_left0000.jpg, https://img3.mklimg.com/g1/M00/5D/3B/rBBrBlxOvJaAVFmUABCe9p54TKw738.jpg
方案一_top0000.jpg, https://img1.mklimg.com/g1/M00/5D/3B/rBBrBlxOvJaAfX_DAA5LSlATgcM393.jpg
方案一_right0000.jpg, https://img3.mklimg.com/g2/M00/5D/2C/rBBrCVxOvJaAM_hqABNU5aiLPKs202.jpg
方案一_left0000.jpg, https://img2.mklimg.com/g2/M00/5D/2D/rBBrCVxOvhaAZOiyABCe9p54TKw924.jpg
方案一_透视0000.jpg, https://img3.mklimg.com/g1/M00/5D/3B/rBBrBlxOvhaALLJGABLk9OszWzk586.jpg
方案一_right0000.jpg, https://img1.mklimg.com/g2/M00/5D/3B/rBBrClxOvhaAVBTnABNU5aiLPKs045.jpg
方案一_front0000.jpg, https://img2.mklimg.com/g1/M00/5D/37/rBBrBVxOvhaAX-CiABHuUp2jaCo316.jpg
方案一_top0000.jpg, https://img2.mklimg.com/g1/M00/5D/37/rBBrBVxOvhaAKXylAA5LSlATgcM625.jpg
灰模_.jpg, https://img2.mklimg.com/g2/M00/5D/2D/rBBrCVxOvnKABtueAA2YqoszWMM677.jpg
13书房_ccc_20190128.png, https://img3.mklimg.com/g2/M00/5D/3F/rBBrClxPv8aAOVXRAAxXzln5fps847.png
窗帘_2_right.png, https://img1.mklimg.com/g2/M00/5D/40/rBBrClxPxnGAET1wADIcsba5Egw943.png
窗帘_2_透视.png, https://img1.mklimg.com/g1/M00/5D/3C/rBBrBVxPxnGAI9AnAA8k8SdNDGo899.png
窗帘_1褐色_right.png, https://img3.mklimg.com/g1/M00/5D/40/rBBrBlxPxnGAZetoAC4-hdYKHpo648.png
窗帘_1褐色_top.png, https://img1.mklimg.com/g1/M00/5D/3C/rBBrBVxPxnGAXTmfAAEfwF_II-M299.png
窗帘_2_top.png, https://img3.mklimg.com/g2/M00/5D/32/rBBrCVxPxnGAXlmPAAFPJXO11qc508.png
窗帘_1_透视.png, https://img2.mklimg.com/g2/M00/5D/32/rBBrCVxPxnGAbAmUAA8_oa-yWys480.png
窗帘_3_透视.png, https://img3.mklimg.com/g1/M00/5D/3C/rBBrBVxPxoCAFL3LAA9nauUoWNY136.png
窗帘_3_top.png, https://img1.mklimg.com/g1/M00/5D/40/rBBrBlxPxoCAbYBHAAEUY2xBvcE668.png
窗帘_4_right.png, https://img1.mklimg.com/g1/M00/5D/40/rBBrBlxPxoGAXnBxACPMIJtuZPw941.png
窗帘_4_top.png, https://img2.mklimg.com/g2/M00/5D/32/rBBrCVxPxoCASzJjAAEp7KCh1fc414.png
窗帘_4_透视.png, https://img2.mklimg.com/g2/M00/5D/32/rBBrCVxPxoGAEXLKAA22ut9c-d4458.png
窗帘_3_right.png, https://img2.mklimg.com/g1/M00/5D/3C/rBBrBVxPxoGASPQVACrea-hCDeI567.png
卡尺_left.png, https://img2.mklimg.com/g1/M00/5D/3C/rBBrBVxPx9SABxtWAAGZLZQfMRs363.png
卡尺_right.png, https://img2.mklimg.com/g2/M00/5D/40/rBBrClxPx9SACc89AACPSTDfsMo590.png
卡尺_front.png, https://img2.mklimg.com/g1/M00/5D/40/rBBrBlxPx9SAVJF_AAFJr8EZTz8139.png
卡尺_透视.png, https://img1.mklimg.com/g2/M00/5D/40/rBBrClxPx9SABk5RAAEwyiUSDW4480.png);